ID,Float,Message
9,64.800003,line1
8,64.730003,line2
10,64.389999, "line3"
1,64.949997,"line4"
2,64.690002,""line5""
